case,E_total
H atom,-0.2729303476897714
He atom,-1.667820228659498
H2 (0.74 Å),-1.1167592036302927
H2 (1.5 Å),-0.9108735379443423
H2 (3.0 Å),-0.6560482352331964
